make,model,year,mileage,engine_size,fuel_type,transmission,owners,selling_price
Honda,Model_A,2022,145600,3.0,Hybrid,Manual,2,29003.0
Ford,Model_C,2019,229884,2.6,Diesel,Manual,3,17472.0
Audi,Model_D,2006,186172,3.6,Hybrid,Manual,2,19181.0
Hyundai,Model_D,2014,114869,3.0,Petrol,Automatic,1,19531.0
Honda,Model_C,2016,144251,2.6,Diesel,Automatic,3,26131.0
Nissan,Model_D,2021,53781,3.5,Diesel,Manual,2,32705.0
Mercedes,Model_D,2012,191339,2.8,Petrol,Automatic,1,20007.0
Honda,Model_D,2015,218451,1.9,Hybrid,Automatic,1,14133.0
Audi,Model_D,2007,160024,1.6,Diesel,Manual,3,13144.0
Hyundai,Model_D,2010,58798,1.5,Diesel,Manual,1,14068.0
Ford,Model_A,2013,103696,3.7,Hybrid,Automatic,2,22311.0
Audi,Model_D,2010,246506,3.1,Petrol,Manual,1,18286.0
Audi,Model_A,2013,55939,3.8,Hybrid,Automatic,1,27368.0
Mercedes,Model_D,2011,34516,2.8,Hybrid,Manual,2,28178.0
Kia,Model_C,2013,192598,2.4,Hybrid,Automatic,1,16456.0
Hyundai,Model_B,2022,146521,1.2,Diesel,Automatic,1,22801.0
BMW,Model_A,2016,55290,3.0,Petrol,Automatic,1,28819.0
Audi,Model_D,2012,131688,2.7,Petrol,Automatic,1,23498.0
Kia,Model_C,2012,91661,4.0,Hybrid,Manual,2,23767.0
BMW,Model_B,2022,77954,1.7,Diesel,Manual,1,33725.0
Hyundai,Model_A,2019,27746,2.6,Hybrid,Automatic,2,25950.0
Toyota,Model_B,2011,72990,3.0,Diesel,Automatic,1,24414.0
Nissan,Model_C,2015,63810,2.9,Diesel,Manual,1,22169.0
Kia,Model_A,2020,123362,2.7,Diesel,Manual,1,20714.0
Volkswagen,Model_B,2008,219369,3.3,Diesel,Automatic,1,14202.0
Toyota,Model_D,2010,151295,1.6,Petrol,Automatic,2,15296.0
Nissan,Model_A,2007,208309,3.2,Diesel,Automatic,2,14017.0
Mercedes,Model_B,2013,138669,2.9,Diesel,Automatic,2,26065.0
Honda,Model_C,2014,201749,3.7,Hybrid,Automatic,3,23071.0
Ford,Model_C,2018,7659,3.5,Hybrid,Manual,1,31772.0
Volkswagen,Model_A,2015,91516,1.9,Petrol,Automatic,1,22630.0
Mercedes,Model_B,2022,79567,1.8,Hybrid,Manual,2,34351.0
Hyundai,Model_A,2016,20037,3.9,Diesel,Manual,3,29528.0
Mercedes,Model_A,2016,131498,2.6,Hybrid,Manual,1,25380.0
Honda,Model_B,2017,182810,3.7,Petrol,Automatic,2,25888.0
Hyundai,Model_B,2017,240037,1.5,Hybrid,Manual,1,13010.0
Volkswagen,Model_D,2018,207750,2.9,Hybrid,Manual,1,26115.0
Honda,Model_B,2008,17109,3.4,Petrol,Manual,2,22661.0
BMW,Model_C,2017,27010,3.8,Petrol,Manual,2,36399.0
Ford,Model_A,2012,13787,2.0,Diesel,Automatic,1,24214.0
Volkswagen,Model_A,2016,244472,3.2,Hybrid,Automatic,1,18991.0
BMW,Model_C,2022,144544,2.6,Diesel,Manual,2,32974.0
Nissan,Model_B,2010,159455,1.2,Hybrid,Manual,1,11250.0
Volkswagen,Model_C,2022,66709,3.1,Hybrid,Automatic,1,35695.0
Nissan,Model_C,2009,205857,3.1,Diesel,Automatic,2,17364.0
Hyundai,Model_D,2013,249325,3.8,Hybrid,Automatic,1,14834.0
BMW,Model_C,2007,39518,2.5,Hybrid,Manual,1,18688.0
Ford,Model_A,2014,58909,1.7,Hybrid,Automatic,3,18420.0
Honda,Model_C,2007,23351,1.1,Petrol,Manual,2,14986.0
Audi,Model_A,2019,205696,2.2,Diesel,Manual,3,25295.0
Mercedes,Model_A,2005,189402,1.9,Petrol,Automatic,3,10571.0
Toyota,Model_A,2011,20282,3.3,Diesel,Manual,3,28741.0
Ford,Model_B,2016,220938,2.1,Diesel,Automatic,1,19792.0
BMW,Model_D,2021,244017,3.8,Hybrid,Manual,1,32893.0
Audi,Model_A,2009,157850,3.9,Diesel,Automatic,3,26792.0
Ford,Model_A,2008,160336,2.9,Petrol,Manual,3,15553.0
BMW,Model_B,2016,195747,3.8,Petrol,Manual,3,29421.0
Kia,Model_A,2022,10075,3.3,Petrol,Automatic,1,32432.0
Kia,Model_C,2021,212020,2.6,Diesel,Automatic,3,22449.0
Nissan,Model_C,2013,184526,1.5,Petrol,Automatic,3,14724.0
Ford,Model_D,2008,33365,2.4,Diesel,Automatic,2,16748.0
Kia,Model_A,2006,208838,2.7,Petrol,Manual,2,6863.0
BMW,Model_B,2008,184272,3.6,Petrol,Automatic,1,18254.0
Nissan,Model_C,2006,16002,2.4,Diesel,Automatic,2,17623.0
BMW,Model_B,2019,18947,3.7,Petrol,Manual,2,38775.0
Nissan,Model_B,2006,215294,3.0,Hybrid,Automatic,2,8213.0
Ford,Model_C,2008,99840,1.4,Diesel,Automatic,1,12309.0
Audi,Model_B,2010,121219,4.0,Diesel,Manual,2,24465.0
Honda,Model_C,2011,83610,2.6,Diesel,Automatic,1,20514.0
Volkswagen,Model_B,2014,57142,2.2,Hybrid,Automatic,3,25638.0
Audi,Model_C,2016,61307,3.0,Diesel,Automatic,2,32670.0
Hyundai,Model_A,2007,140565,1.3,Petrol,Automatic,1,8475.0
BMW,Model_D,2017,55085,2.9,Petrol,Automatic,2,34298.0
Hyundai,Model_C,2022,39228,2.5,Petrol,Automatic,3,30236.0
Audi,Model_C,2012,215748,2.2,Diesel,Manual,1,17765.0
Nissan,Model_D,2019,187947,3.9,Petrol,Automatic,1,25965.0
Volkswagen,Model_C,2005,167727,2.6,Diesel,Manual,1,13948.0
Volkswagen,Model_C,2007,48472,1.7,Petrol,Manual,3,14537.0
Toyota,Model_B,2012,54437,2.4,Hybrid,Manual,3,24393.0
Volkswagen,Model_D,2008,185488,3.8,Hybrid,Manual,3,15888.0
Honda,Model_A,2020,64711,1.5,Hybrid,Automatic,1,25664.0
Volkswagen,Model_C,2014,142888,1.6,Hybrid,Automatic,3,19626.0
Audi,Model_D,2016,82175,1.0,Diesel,Automatic,2,19968.0
Toyota,Model_B,2018,69307,1.0,Petrol,Manual,3,24005.0
Audi,Model_A,2018,248800,3.5,Hybrid,Automatic,1,27881.0
Audi,Model_D,2006,51733,3.2,Diesel,Automatic,2,18225.0
Mercedes,Model_A,2009,133202,2.1,Hybrid,Automatic,3,20455.0
Toyota,Model_A,2009,100028,3.1,Hybrid,Manual,2,17974.0
Audi,Model_A,2010,147312,2.2,Diesel,Manual,2,18663.0
Mercedes,Model_C,2017,234306,3.9,Diesel,Automatic,1,26740.0
Mercedes,Model_C,2013,97493,3.9,Petrol,Manual,2,31334.0
Toyota,Model_B,2019,130149,2.2,Petrol,Manual,2,27244.0
Hyundai,Model_B,2018,234416,3.6,Hybrid,Automatic,1,21475.0
Nissan,Model_D,2011,207435,3.3,Hybrid,Manual,1,15622.0
Honda,Model_B,2006,168834,1.9,Petrol,Manual,1,9545.0
Nissan,Model_A,2011,13259,1.7,Petrol,Automatic,2,19070.0
Volkswagen,Model_A,2010,186211,2.4,Diesel,Manual,2,16879.0
Honda,Model_C,2021,133775,3.3,Petrol,Manual,2,31199.0
Volkswagen,Model_A,2006,19849,3.9,Petrol,Manual,1,24153.0
Audi,Model_D,2007,86768,3.3,Hybrid,Manual,3,18650.0
BMW,Model_A,2009,111108,3.6,Petrol,Manual,2,23061.0
Toyota,Model_A,2009,94709,2.8,Hybrid,Manual,3,17540.0
Honda,Model_D,2005,59869,3.5,Petrol,Manual,1,19658.0
Honda,Model_B,2012,131888,3.4,Diesel,Manual,2,20126.0
Audi,Model_B,2016,68095,2.1,Petrol,Automatic,3,29136.0
Hyundai,Model_D,2008,122886,2.7,Petrol,Automatic,2,13507.0
Mercedes,Model_C,2017,75910,3.4,Petrol,Automatic,2,30446.0
Audi,Model_A,2019,222782,1.1,Hybrid,Automatic,2,22908.0
Kia,Model_D,2015,28567,3.4,Diesel,Manual,3,24661.0
Mercedes,Model_A,2014,40292,1.5,Petrol,Automatic,1,29225.0
Toyota,Model_C,2007,79813,2.5,Hybrid,Automatic,2,13425.0
Mercedes,Model_A,2018,102136,3.4,Diesel,Manual,1,33435.0
Hyundai,Model_D,2020,56631,1.8,Hybrid,Manual,1,23718.0
Mercedes,Model_A,2014,14885,1.7,Hybrid,Manual,3,29109.0
Toyota,Model_B,2014,195731,2.2,Diesel,Manual,3,15064.0
Hyundai,Model_C,2016,190378,3.7,Petrol,Manual,1,21459.0
Nissan,Model_C,2013,71314,1.0,Hybrid,Automatic,2,20873.0
Honda,Model_C,2005,70087,3.7,Hybrid,Manual,3,19373.0
Honda,Model_D,2009,165237,1.5,Petrol,Automatic,2,12618.0
Volkswagen,Model_C,2012,195001,4.0,Petrol,Automatic,2,18805.0
Nissan,Model_B,2015,203100,3.9,Diesel,Manual,2,19091.0
Nissan,Model_D,2016,100998,2.5,Diesel,Automatic,1,21938.0
Mercedes,Model_B,2005,54812,2.5,Diesel,Automatic,2,17887.0
Honda,Model_A,2015,186572,2.4,Petrol,Manual,1,21621.0
Toyota,Model_A,2009,215223,2.9,Hybrid,Automatic,1,15076.0
Ford,Model_A,2019,63643,1.3,Hybrid,Automatic,2,28569.0
Ford,Model_A,2009,49900,1.1,Diesel,Automatic,2,12720.0
Hyundai,Model_B,2016,179018,1.2,Petrol,Manual,2,15222.0
Honda,Model_D,2009,143923,2.3,Hybrid,Manual,2,12661.0
Honda,Model_D,2021,21288,1.8,Diesel,Manual,1,26161.0
Ford,Model_C,2021,77692,2.9,Hybrid,Automatic,2,29606.0
Honda,Model_B,2016,203652,4.0,Hybrid,Manual,2,24990.0
Mercedes,Model_A,2019,143440,2.2,Petrol,Automatic,1,27619.0
Kia,Model_B,2019,90436,2.7,Petrol,Manual,3,24335.0
BMW,Model_C,2010,232208,2.2,Hybrid,Automatic,3,12915.0
Nissan,Model_C,2016,51403,3.5,Diesel,Manual,1,25321.0
Volkswagen,Model_B,2022,96170,3.7,Petrol,Manual,3,34343.0
Hyundai,Model_B,2018,14168,3.6,Hybrid,Automatic,1,26317.0
Kia,Model_B,2006,222569,3.9,Petrol,Manual,2,10129.0
Ford,Model_D,2013,54879,1.1,Petrol,Automatic,2,16535.0
Nissan,Model_A,2009,64871,3.5,Petrol,Manual,3,20658.0
Honda,Model_B,2005,245704,3.3,Hybrid,Manual,2,4449.0
Volkswagen,Model_B,2007,247695,1.7,Diesel,Automatic,3,7511.0
Honda,Model_B,2010,225460,3.9,Diesel,Automatic,3,14973.0
Toyota,Model_C,2009,234718,1.4,Diesel,Automatic,2,7149.0
Toyota,Model_C,2009,37174,3.0,Petrol,Manual,2,20697.0
Volkswagen,Model_D,2005,235823,1.7,Hybrid,Automatic,3,6480.0
Volkswagen,Model_A,2021,228563,2.3,Petrol,Manual,2,23889.0
Ford,Model_D,2018,142653,3.2,Diesel,Automatic,1,21711.0
Volkswagen,Model_A,2016,115155,2.7,Diesel,Automatic,2,26902.0
Mercedes,Model_C,2014,76853,2.3,Hybrid,Automatic,2,25540.0
Honda,Model_C,2022,69046,2.0,Petrol,Automatic,1,28601.0
Kia,Model_C,2015,54678,3.5,Diesel,Automatic,2,24566.0
Audi,Model_D,2006,244464,1.4,Hybrid,Automatic,2,7506.0
Volkswagen,Model_B,2022,247322,2.3,Petrol,Manual,3,23259.0
Hyundai,Model_B,2011,31649,3.7,Petrol,Automatic,2,16163.0
Toyota,Model_C,2019,132795,3.5,Diesel,Manual,2,26724.0
Mercedes,Model_B,2015,93668,2.2,Diesel,Automatic,1,27640.0
Nissan,Model_B,2022,218397,3.3,Petrol,Automatic,3,25996.0
Audi,Model_D,2016,150639,3.5,Petrol,Automatic,3,28311.0
Kia,Model_A,2010,216476,3.7,Diesel,Manual,3,13614.0
Audi,Model_C,2017,94906,2.6,Petrol,Manual,2,34111.0
Volkswagen,Model_C,2020,244141,1.6,Diesel,Automatic,3,19973.0
Ford,Model_D,2022,101019,1.8,Petrol,Manual,1,26741.0
Toyota,Model_D,2014,198016,1.9,Diesel,Automatic,3,14161.0
Toyota,Model_B,2012,83002,2.8,Hybrid,Automatic,1,19954.0
Nissan,Model_C,2022,33803,1.1,Diesel,Manual,3,27703.0
Ford,Model_A,2005,154302,2.9,Diesel,Manual,3,13658.0
Honda,Model_D,2012,153934,2.1,Hybrid,Manual,1,16538.0
BMW,Model_A,2010,179427,1.9,Petrol,Manual,3,12110.0
Mercedes,Model_A,2009,167331,3.6,Hybrid,Automatic,3,20923.0
Toyota,Model_C,2019,235147,2.4,Diesel,Manual,3,21688.0
Hyundai,Model_C,2019,223517,1.3,Petrol,Manual,2,16406.0
Toyota,Model_D,2006,35795,3.5,Hybrid,Automatic,1,19157.0
Audi,Model_C,2005,13770,1.1,Petrol,Manual,3,15653.0
Toyota,Model_C,2015,16093,3.2,Petrol,Manual,1,27330.0
Toyota,Model_C,2014,182643,3.3,Hybrid,Manual,1,18928.0
BMW,Model_A,2022,136265,2.1,Petrol,Manual,1,32951.0
BMW,Model_D,2022,105311,3.5,Hybrid,Automatic,3,37321.0
Kia,Model_B,2021,22569,2.5,Diesel,Automatic,3,27461.0
Honda,Model_A,2012,16190,2.4,Petrol,Manual,1,22876.0
Hyundai,Model_C,2019,67824,1.1,Diesel,Manual,2,21003.0
Toyota,Model_A,2012,178824,1.9,Diesel,Automatic,1,16068.0
Toyota,Model_C,2021,168399,3.8,Petrol,Manual,2,33135.0
Mercedes,Model_C,2016,47070,2.2,Hybrid,Manual,1,32081.0
BMW,Model_A,2012,221997,2.6,Petrol,Manual,1,16692.0
Hyundai,Model_D,2018,45197,2.6,Diesel,Manual,1,23431.0
Nissan,Model_C,2008,7261,2.8,Diesel,Manual,3,17861.0
Kia,Model_D,2005,229977,1.2,Hybrid,Manual,2,4010.0
Honda,Model_B,2005,162584,2.1,Petrol,Manual,2,8714.0
Ford,Model_C,2020,142788,3.2,Diesel,Manual,1,26494.0
Honda,Model_D,2018,91795,1.6,Diesel,Manual,3,18998.0
Audi,Model_D,2020,33933,1.6,Diesel,Automatic,3,33762.0
Toyota,Model_B,2009,243297,1.0,Hybrid,Automatic,2,8392.0
Kia,Model_D,2013,140450,2.3,Diesel,Automatic,3,19114.0
Audi,Model_D,2006,45583,3.6,Diesel,Manual,2,24766.0
Hyundai,Model_B,2022,117082,1.2,Petrol,Manual,2,20878.0
Ford,Model_C,2010,90371,1.6,Petrol,Automatic,2,16714.0
BMW,Model_D,2013,165105,1.9,Diesel,Manual,3,19399.0
Kia,Model_D,2005,160072,3.2,Diesel,Automatic,2,7559.0
Kia,Model_D,2013,116032,2.9,Petrol,Manual,2,19136.0
Toyota,Model_A,2020,211940,2.2,Hybrid,Automatic,1,21455.0
Volkswagen,Model_B,2017,47604,3.3,Hybrid,Automatic,2,31071.0
Kia,Model_A,2013,204408,2.8,Hybrid,Automatic,2,18714.0
Mercedes,Model_B,2017,100074,3.7,Hybrid,Manual,1,34383.0
Ford,Model_C,2013,231727,3.5,Hybrid,Automatic,1,14857.0
Ford,Model_C,2015,78869,1.8,Hybrid,Manual,3,22302.0
Mercedes,Model_D,2008,10410,1.8,Hybrid,Manual,2,23080.0
Nissan,Model_B,2006,88375,1.4,Hybrid,Manual,3,9096.0
Mercedes,Model_C,2010,192116,2.0,Petrol,Manual,3,12932.0
Mercedes,Model_B,2018,199387,4.0,Hybrid,Manual,1,29076.0
Ford,Model_C,2008,101055,2.2,Hybrid,Manual,3,16168.0
Honda,Model_A,2010,207416,1.7,Hybrid,Manual,2,11528.0
Ford,Model_C,2010,142868,3.3,Diesel,Automatic,1,17391.0
Volkswagen,Model_A,2006,91716,2.6,Petrol,Automatic,2,13637.0
Toyota,Model_C,2022,59245,1.4,Petrol,Automatic,2,30633.0
Audi,Model_D,2017,48056,2.1,Petrol,Manual,1,26243.0
Honda,Model_A,2013,153781,2.2,Hybrid,Manual,2,17220.0
BMW,Model_C,2017,63557,3.3,Hybrid,Manual,1,33966.0
Audi,Model_D,2015,22543,1.1,Diesel,Manual,2,24093.0
Toyota,Model_A,2005,173490,1.8,Petrol,Automatic,1,10322.0
Volkswagen,Model_D,2011,230683,2.6,Hybrid,Manual,3,13412.0
Volkswagen,Model_B,2019,239363,1.8,Petrol,Automatic,2,18036.0
BMW,Model_B,2005,249576,2.9,Diesel,Manual,1,12613.0
Honda,Model_A,2016,239073,2.4,Diesel,Automatic,2,18617.0
Nissan,Model_C,2011,101038,2.1,Diesel,Manual,2,17861.0
Mercedes,Model_A,2019,152796,3.8,Petrol,Automatic,2,35897.0
Honda,Model_D,2005,8828,2.9,Hybrid,Manual,1,13658.0
Nissan,Model_C,2021,121656,1.4,Hybrid,Automatic,3,24197.0
Volkswagen,Model_B,2021,22087,2.7,Diesel,Manual,3,32981.0
Ford,Model_C,2007,148677,3.3,Hybrid,Automatic,3,13184.0
Toyota,Model_B,2016,36337,3.1,Diesel,Automatic,1,29536.0
BMW,Model_C,2010,141554,1.5,Petrol,Manual,3,15699.0
Toyota,Model_C,2015,70333,3.9,Diesel,Automatic,1,29578.0
Hyundai,Model_C,2007,228613,2.3,Petrol,Manual,2,8473.0
Hyundai,Model_D,2012,224368,1.5,Diesel,Manual,2,11294.0
Honda,Model_D,2018,187024,1.5,Hybrid,Manual,3,19042.0
Volkswagen,Model_A,2018,141535,1.3,Hybrid,Automatic,1,20298.0
Volkswagen,Model_A,2014,248236,3.4,Diesel,Automatic,2,18067.0
Mercedes,Model_B,2006,75448,1.4,Hybrid,Manual,1,15397.0
Mercedes,Model_D,2018,9648,1.4,Hybrid,Manual,1,36067.0
Mercedes,Model_B,2013,135576,3.6,Hybrid,Automatic,2,30290.0
Ford,Model_A,2007,38623,2.0,Petrol,Automatic,1,14231.0
Audi,Model_B,2012,195228,1.1,Hybrid,Automatic,2,14930.0
Kia,Model_A,2020,40634,1.2,Petrol,Manual,2,22802.0
Audi,Model_D,2006,180674,1.4,Diesel,Manual,2,10188.0
Toyota,Model_C,2010,119598,1.6,Hybrid,Manual,1,16075.0
Audi,Model_D,2016,54334,3.0,Hybrid,Manual,2,32647.0
Ford,Model_B,2009,73648,1.5,Hybrid,Manual,1,8927.0
Toyota,Model_B,2006,27054,1.4,Diesel,Automatic,2,15872.0
Audi,Model_D,2020,75028,3.3,Petrol,Manual,2,35021.0
Ford,Model_D,2009,27207,3.0,Petrol,Automatic,3,18646.0
Kia,Model_A,2019,216722,2.3,Hybrid,Automatic,3,20292.0
Audi,Model_B,2016,235893,2.6,Diesel,Manual,3,24611.0
Ford,Model_B,2008,86554,1.9,Diesel,Automatic,1,15711.0
Mercedes,Model_D,2019,157458,2.4,Diesel,Manual,1,28215.0
Volkswagen,Model_C,2015,88276,2.5,Diesel,Automatic,2,22949.0
Mercedes,Model_B,2020,195590,2.2,Diesel,Manual,2,21833.0
Volkswagen,Model_C,2010,57781,3.7,Petrol,Manual,2,25158.0
BMW,Model_D,2018,188852,1.0,Petrol,Automatic,2,22453.0
BMW,Model_D,2022,197512,3.3,Petrol,Manual,1,31896.0
BMW,Model_A,2016,180271,1.4,Hybrid,Automatic,2,22614.0
Kia,Model_B,2015,66035,3.4,Diesel,Manual,2,20722.0
Mercedes,Model_C,2017,13210,2.8,Hybrid,Manual,3,35122.0
Volkswagen,Model_A,2015,49363,3.5,Diesel,Manual,2,29062.0
Ford,Model_B,2020,247247,1.3,Petrol,Automatic,2,16842.0
Toyota,Model_A,2019,83279,2.7,Hybrid,Automatic,2,30811.0
Ford,Model_D,2019,196420,2.5,Petrol,Manual,1,20779.0
Toyota,Model_B,2008,191356,3.1,Diesel,Automatic,3,14001.0
Hyundai,Model_A,2015,243700,2.6,Diesel,Manual,2,13293.0
Ford,Model_A,2019,245907,2.6,Diesel,Automatic,2,22003.0
Audi,Model_C,2008,208196,2.3,Petrol,Automatic,3,10604.0
Audi,Model_A,2017,204919,1.9,Diesel,Manual,2,21038.0
Honda,Model_B,2006,158504,2.4,Petrol,Manual,1,15631.0
Mercedes,Model_B,2018,200161,1.4,Hybrid,Manual,2,23803.0
Toyota,Model_C,2008,191470,3.9,Diesel,Manual,1,16645.0
Toyota,Model_B,2020,235363,3.1,Diesel,Manual,1,24126.0
Mercedes,Model_D,2018,139393,3.9,Diesel,Automatic,2,31825.0
Kia,Model_B,2019,86348,1.7,Hybrid,Automatic,3,21909.0
Honda,Model_B,2007,173455,3.6,Diesel,Manual,1,15010.0
Kia,Model_A,2012,118816,3.4,Petrol,Manual,3,19392.0
Kia,Model_A,2020,214754,3.0,Petrol,Manual,2,18146.0
Kia,Model_B,2014,128053,2.9,Diesel,Automatic,1,19991.0
Mercedes,Model_C,2008,215262,1.9,Diesel,Manual,2,14458.0
Kia,Model_A,2022,188965,3.4,Hybrid,Manual,3,24200.0
Audi,Model_C,2006,171892,2.5,Hybrid,Automatic,2,14943.0
BMW,Model_B,2021,71262,1.2,Hybrid,Automatic,2,31400.0
Hyundai,Model_B,2017,139832,1.9,Diesel,Automatic,1,17736.0
Toyota,Model_D,2008,158262,3.8,Hybrid,Automatic,2,15701.0
Toyota,Model_A,2015,72411,3.6,Hybrid,Manual,2,25677.0
Hyundai,Model_B,2011,28377,3.9,Petrol,Automatic,2,23189.0
Mercedes,Model_D,2016,182809,2.9,Hybrid,Automatic,1,26060.0
Ford,Model_A,2014,205641,1.7,Petrol,Manual,3,17013.0
Mercedes,Model_B,2011,43211,1.5,Petrol,Manual,3,24734.0
Toyota,Model_B,2017,218981,1.6,Hybrid,Manual,2,19575.0
Toyota,Model_A,2011,8744,1.1,Petrol,Automatic,1,20371.0
Hyundai,Model_A,2021,29995,2.2,Diesel,Manual,2,24896.0
Kia,Model_A,2014,153049,1.6,Diesel,Automatic,3,16021.0
Mercedes,Model_B,2014,234010,2.2,Hybrid,Automatic,1,19302.0
Volkswagen,Model_B,2008,39542,3.8,Diesel,Automatic,3,21613.0
Hyundai,Model_D,2008,15651,2.3,Petrol,Manual,3,19451.0
Audi,Model_C,2011,104239,3.6,Diesel,Automatic,1,27801.0
Toyota,Model_A,2005,83931,2.8,Hybrid,Manual,1,13192.0
Hyundai,Model_B,2016,231416,1.7,Hybrid,Manual,2,13118.0
Mercedes,Model_B,2017,107112,2.1,Petrol,Manual,2,27482.0
Toyota,Model_A,2014,21715,1.3,Hybrid,Automatic,3,23880.0
Ford,Model_C,2019,180481,2.0,Diesel,Automatic,1,21396.0
Hyundai,Model_A,2017,160378,3.0,Hybrid,Automatic,1,20775.0
Honda,Model_C,2013,155158,1.2,Petrol,Manual,2,16396.0
Toyota,Model_B,2013,150448,1.6,Hybrid,Automatic,3,14521.0
Mercedes,Model_C,2019,66350,2.1,Diesel,Automatic,3,33633.0
BMW,Model_D,2014,76425,3.9,Petrol,Automatic,2,30870.0
Volkswagen,Model_B,2014,239430,3.4,Diesel,Automatic,1,18577.0
Nissan,Model_D,2012,172708,3.2,Petrol,Automatic,2,14502.0
Kia,Model_A,2020,91120,1.3,Hybrid,Manual,2,21839.0
Nissan,Model_A,2021,119889,3.3,Petrol,Manual,2,28221.0
Mercedes,Model_A,2009,187721,3.4,Petrol,Manual,2,16209.0
Audi,Model_C,2008,170682,2.8,Hybrid,Manual,1,16804.0
Audi,Model_B,2022,146130,4.0,Diesel,Automatic,2,36910.0
BMW,Model_A,2008,79637,2.0,Hybrid,Manual,1,17629.0
Kia,Model_A,2011,214105,3.8,Petrol,Automatic,2,16452.0
Honda,Model_B,2014,75194,3.7,Hybrid,Manual,3,26449.0
BMW,Model_A,2022,81917,1.0,Petrol,Manual,1,31314.0
Nissan,Model_D,2008,69200,2.4,Hybrid,Manual,3,17249.0
BMW,Model_B,2014,110848,3.9,Hybrid,Automatic,2,30489.0
Nissan,Model_B,2005,111022,1.3,Diesel,Automatic,2,11447.0
Toyota,Model_B,2022,182691,2.6,Petrol,Manual,2,27549.0
Audi,Model_D,2009,153226,3.9,Diesel,Automatic,1,21031.0
Toyota,Model_B,2019,155611,2.7,Petrol,Manual,3,24141.0
Volkswagen,Model_D,2021,65058,1.6,Hybrid,Manual,1,27461.0
Kia,Model_B,2007,67068,2.7,Petrol,Manual,1,15573.0
Honda,Model_C,2016,213385,1.6,Diesel,Automatic,2,19930.0
Nissan,Model_A,2006,104932,2.6,Diesel,Manual,3,12871.0
Honda,Model_C,2005,166445,1.2,Diesel,Manual,2,8714.0
Nissan,Model_A,2021,169226,2.8,Petrol,Manual,1,22940.0
Mercedes,Model_D,2020,142103,2.6,Diesel,Automatic,2,32159.0
BMW,Model_C,2009,229605,3.2,Diesel,Manual,3,18738.0
Volkswagen,Model_B,2019,208047,2.9,Diesel,Automatic,2,26263.0
Audi,Model_A,2007,27785,2.6,Hybrid,Manual,3,18805.0
Nissan,Model_A,2011,215000,3.1,Hybrid,Automatic,3,16009.0
Honda,Model_C,2015,164741,1.4,Petrol,Manual,2,19093.0
Volkswagen,Model_D,2014,99475,2.8,Petrol,Manual,1,24790.0
Ford,Model_C,2013,7282,1.5,Diesel,Automatic,2,22006.0
Ford,Model_D,2018,170696,3.8,Hybrid,Automatic,1,22532.0
Toyota,Model_D,2017,184510,1.2,Diesel,Manual,1,18522.0
Audi,Model_A,2006,225972,2.3,Diesel,Automatic,2,12674.0
Mercedes,Model_C,2007,72534,3.1,Hybrid,Manual,1,24226.0
Honda,Model_C,2011,167777,2.4,Hybrid,Manual,1,17674.0
BMW,Model_D,2022,174316,1.3,Hybrid,Manual,2,25447.0
BMW,Model_C,2007,79964,2.7,Petrol,Automatic,2,17661.0
Honda,Model_B,2014,173509,2.9,Petrol,Manual,2,20714.0
Kia,Model_B,2011,213944,3.1,Diesel,Automatic,1,14485.0
Mercedes,Model_C,2013,210950,2.1,Petrol,Manual,3,18689.0
Volkswagen,Model_C,2021,124006,2.7,Hybrid,Automatic,1,28409.0
Nissan,Model_D,2015,241440,2.4,Hybrid,Automatic,3,16494.0
Kia,Model_B,2011,209054,3.0,Petrol,Manual,2,14294.0
Nissan,Model_B,2018,55583,2.8,Diesel,Automatic,3,26777.0
Nissan,Model_A,2008,43392,2.6,Diesel,Manual,2,18823.0
Kia,Model_D,2010,12461,1.7,Petrol,Manual,2,16869.0
Toyota,Model_A,2014,105123,1.0,Diesel,Manual,3,17392.0
Ford,Model_B,2011,15516,1.5,Diesel,Manual,2,20863.0
Nissan,Model_D,2017,215357,1.4,Diesel,Manual,3,14432.0
Kia,Model_C,2018,153586,2.3,Hybrid,Automatic,2,19228.0
Kia,Model_D,2008,126251,2.8,Hybrid,Manual,1,16643.0
Hyundai,Model_C,2012,237034,1.6,Petrol,Automatic,1,9633.0
Toyota,Model_C,2009,172340,3.8,Hybrid,Automatic,2,17974.0
Audi,Model_D,2005,226558,1.0,Diesel,Manual,2,4621.0
Hyundai,Model_C,2008,236496,3.3,Hybrid,Automatic,3,7765.0
Hyundai,Model_A,2007,172860,2.9,Petrol,Manual,1,11665.0
Honda,Model_B,2013,211821,2.1,Hybrid,Automatic,3,13810.0
Ford,Model_C,2012,197121,1.2,Diesel,Automatic,2,12399.0
Kia,Model_A,2005,67493,2.9,Diesel,Automatic,2,16297.0
Ford,Model_C,2010,41027,2.2,Petrol,Manual,3,14058.0
Mercedes,Model_B,2013,98547,3.8,Hybrid,Automatic,2,29009.0
Honda,Model_A,2011,178921,2.6,Hybrid,Manual,1,17540.0
Audi,Model_B,2008,105127,3.8,Hybrid,Automatic,3,18547.0
Ford,Model_B,2017,153930,1.7,Diesel,Automatic,1,21666.0
BMW,Model_A,2021,220234,3.2,Petrol,Automatic,1,30389.0
Nissan,Model_A,2006,84003,2.9,Hybrid,Automatic,1,17262.0
Mercedes,Model_A,2009,188467,3.2,Diesel,Manual,3,17824.0
Toyota,Model_D,2016,44758,1.6,Diesel,Manual,2,23484.0
Audi,Model_A,2012,59312,3.0,Diesel,Automatic,1,26711.0
Mercedes,Model_A,2010,73670,2.5,Hybrid,Automatic,1,27905.0
Nissan,Model_A,2012,87279,3.2,Hybrid,Manual,1,23450.0
Honda,Model_A,2022,20434,2.0,Hybrid,Manual,2,32376.0
Nissan,Model_C,2007,200119,3.7,Hybrid,Manual,2,13947.0
Hyundai,Model_D,2016,183847,1.3,Hybrid,Manual,3,16476.0
Nissan,Model_B,2007,80769,3.4,Hybrid,Automatic,2,22044.0
Hyundai,Model_A,2010,71677,3.6,Hybrid,Automatic,3,20325.0
Honda,Model_C,2006,88555,3.5,Hybrid,Manual,3,18160.0
Volkswagen,Model_C,2016,133379,2.5,Hybrid,Manual,3,23429.0
Hyundai,Model_C,2006,221992,2.3,Diesel,Manual,3,8453.0
Toyota,Model_B,2010,244511,4.0,Hybrid,Manual,3,15436.0
Nissan,Model_A,2021,181806,1.7,Petrol,Manual,1,22346.0
Nissan,Model_D,2007,106665,2.6,Diesel,Manual,2,11512.0
Toyota,Model_D,2006,224575,3.0,Hybrid,Automatic,1,10522.0
BMW,Model_C,2012,176675,3.1,Petrol,Automatic,3,23169.0
Kia,Model_B,2016,212780,1.6,Hybrid,Automatic,2,15578.0
Volkswagen,Model_B,2008,217998,3.0,Petrol,Manual,1,12913.0
Audi,Model_B,2009,73803,3.5,Petrol,Manual,1,24133.0
Hyundai,Model_D,2017,175404,1.2,Petrol,Manual,3,18166.0
Toyota,Model_C,2019,96703,3.7,Petrol,Automatic,1,28115.0
Honda,Model_A,2020,26312,1.1,Diesel,Manual,1,25203.0
Hyundai,Model_D,2014,229448,2.1,Diesel,Manual,1,11886.0
Kia,Model_C,2020,220598,1.0,Petrol,Automatic,1,16427.0
Honda,Model_C,2016,180251,1.2,Hybrid,Manual,1,14916.0
Mercedes,Model_A,2021,207514,3.7,Petrol,Automatic,3,34968.0
Nissan,Model_A,2020,122961,2.1,Diesel,Automatic,3,21836.0
Mercedes,Model_A,2016,45379,2.3,Hybrid,Manual,1,31617.0
Hyundai,Model_B,2012,22297,1.6,Diesel,Automatic,3,17299.0
Kia,Model_A,2007,7011,2.8,Diesel,Manual,3,17527.0
Volkswagen,Model_C,2020,125234,2.8,Hybrid,Automatic,2,26043.0
Hyundai,Model_A,2017,49014,2.1,Petrol,Manual,1,24673.0
Toyota,Model_C,2012,248166,2.0,Petrol,Automatic,3,11174.0
Ford,Model_D,2009,147810,3.7,Petrol,Manual,3,15003.0
Hyundai,Model_B,2012,99333,2.1,Petrol,Automatic,1,21567.0
Nissan,Model_D,2016,183570,2.5,Hybrid,Automatic,2,20020.0
Nissan,Model_D,2005,16120,1.8,Hybrid,Automatic,1,16132.0
Hyundai,Model_C,2010,144839,3.4,Hybrid,Manual,2,17394.0
Honda,Model_D,2022,27852,2.2,Diesel,Manual,1,31420.0
Ford,Model_C,2012,84239,2.5,Hybrid,Automatic,1,16653.0
Toyota,Model_A,2011,137001,1.8,Petrol,Manual,1,15698.0
Hyundai,Model_A,2005,213559,4.0,Diesel,Automatic,1,9346.0
Honda,Model_C,2020,96575,1.9,Petrol,Manual,2,24925.0
Nissan,Model_A,2016,100040,3.3,Petrol,Automatic,2,20820.0
Nissan,Model_B,2010,153510,2.3,Hybrid,Manual,3,14678.0
Kia,Model_D,2006,184587,1.6,Hybrid,Automatic,1,10902.0
Hyundai,Model_B,2018,10744,3.4,Petrol,Automatic,2,28899.0
Ford,Model_D,2008,219892,2.0,Petrol,Automatic,2,9293.0
BMW,Model_A,2005,178489,3.6,Diesel,Automatic,2,15471.0
Ford,Model_B,2022,241356,3.7,Hybrid,Manual,1,18600.0
Nissan,Model_A,2017,143141,3.6,Diesel,Automatic,3,23068.0
Nissan,Model_D,2006,47359,1.1,Diesel,Manual,2,9360.0
Mercedes,Model_C,2013,155871,3.4,Diesel,Manual,1,25975.0
Nissan,Model_C,2006,103746,2.2,Petrol,Automatic,2,12163.0
Toyota,Model_B,2013,229834,3.6,Diesel,Manual,2,17273.0
Audi,Model_A,2005,125906,2.9,Diesel,Manual,3,16200.0
Hyundai,Model_A,2015,206260,3.5,Petrol,Manual,2,18746.0
Ford,Model_B,2007,225931,2.5,Hybrid,Automatic,2,12644.0
Audi,Model_C,2008,243746,2.6,Hybrid,Manual,1,14033.0
Honda,Model_D,2022,12597,1.4,Diesel,Manual,1,31300.0
BMW,Model_B,2010,52093,3.4,Petrol,Automatic,3,24525.0
Toyota,Model_D,2007,173298,2.3,Hybrid,Automatic,1,10157.0
Ford,Model_C,2015,208199,2.5,Diesel,Manual,1,18319.0
Audi,Model_A,2019,119650,3.4,Diesel,Automatic,3,32497.0
BMW,Model_C,2009,227441,2.8,Petrol,Manual,2,15622.0
Mercedes,Model_B,2014,213434,1.6,Diesel,Manual,3,20284.0
Toyota,Model_A,2016,162489,2.8,Hybrid,Manual,1,19549.0
Toyota,Model_B,2019,154765,2.2,Petrol,Automatic,3,26954.0
Mercedes,Model_B,2021,215746,2.4,Hybrid,Manual,2,30526.0
Hyundai,Model_C,2014,125956,1.1,Hybrid,Automatic,3,11112.0
Mercedes,Model_B,2010,120598,1.6,Hybrid,Automatic,1,23176.0
Toyota,Model_C,2022,189233,1.8,Diesel,Manual,1,25140.0
Toyota,Model_A,2017,138241,3.1,Diesel,Automatic,3,24369.0
Audi,Model_C,2007,220164,1.0,Hybrid,Automatic,2,8950.0
Nissan,Model_A,2014,158124,2.2,Hybrid,Automatic,3,15501.0
BMW,Model_C,2018,207921,3.8,Petrol,Automatic,2,29872.0
Mercedes,Model_D,2010,209923,1.3,Petrol,Automatic,2,11479.0
BMW,Model_D,2007,13036,2.5,Diesel,Manual,3,26395.0
Mercedes,Model_B,2020,36778,3.4,Diesel,Automatic,2,39656.0
Honda,Model_C,2011,163806,3.8,Petrol,Manual,1,21720.0
Toyota,Model_C,2018,159245,3.2,Hybrid,Manual,3,24080.0
Nissan,Model_A,2013,166475,3.2,Diesel,Manual,2,20292.0
Audi,Model_B,2019,202393,3.5,Hybrid,Manual,1,29200.0
Nissan,Model_C,2007,207747,2.3,Petrol,Manual,3,6999.0
Nissan,Model_B,2006,142416,3.4,Diesel,Manual,1,13586.0
Nissan,Model_D,2006,23800,1.0,Diesel,Automatic,1,16733.0
BMW,Model_C,2007,30372,3.8,Petrol,Automatic,1,27140.0
Mercedes,Model_C,2022,66516,2.3,Diesel,Automatic,2,36104.0
Volkswagen,Model_B,2018,25538,2.7,Petrol,Manual,3,27643.0
Honda,Model_C,2022,68918,1.8,Diesel,Automatic,3,27885.0
Ford,Model_B,2014,151045,3.2,Petrol,Automatic,2,17287.0
Nissan,Model_C,2006,76155,1.2,Diesel,Automatic,3,7666.0
Hyundai,Model_A,2005,236312,3.6,Hybrid,Manual,1,11154.0
BMW,Model_B,2008,64500,3.5,Hybrid,Automatic,3,24089.0
Audi,Model_C,2018,172647,1.6,Hybrid,Manual,2,27463.0
Ford,Model_D,2005,241527,3.4,Diesel,Automatic,1,7447.0
Volkswagen,Model_C,2018,178333,3.4,Diesel,Manual,2,26579.0
Hyundai,Model_D,2020,115659,2.9,Hybrid,Manual,1,21713.0
Volkswagen,Model_D,2018,32716,2.1,Hybrid,Manual,1,28226.0
Ford,Model_A,2007,139308,1.8,Petrol,Automatic,3,10792.0
Nissan,Model_B,2007,151920,1.7,Petrol,Automatic,1,9770.0
Hyundai,Model_C,2013,7352,2.0,Petrol,Manual,2,20812.0
Volkswagen,Model_A,2010,138004,3.7,Hybrid,Automatic,3,23206.0
Audi,Model_C,2017,81449,1.2,Hybrid,Manual,2,27703.0
Mercedes,Model_D,2006,13556,3.5,Hybrid,Manual,1,23721.0
Toyota,Model_B,2012,91836,2.0,Petrol,Automatic,2,19602.0
Mercedes,Model_C,2006,141570,2.6,Diesel,Automatic,2,17635.0
Ford,Model_C,2008,212190,3.4,Hybrid,Automatic,1,15193.0
BMW,Model_D,2019,55098,3.7,Diesel,Manual,3,35573.0
Toyota,Model_C,2008,200458,2.0,Diesel,Manual,2,12737.0
Honda,Model_C,2017,117169,2.4,Diesel,Automatic,1,25036.0
Audi,Model_D,2016,145641,2.2,Petrol,Manual,3,22677.0
Honda,Model_A,2017,131060,1.0,Diesel,Automatic,3,21716.0
Hyundai,Model_D,2018,192954,1.9,Hybrid,Manual,3,18152.0
Toyota,Model_A,2022,206465,2.4,Petrol,Automatic,2,21866.0
Honda,Model_B,2010,135544,2.2,Hybrid,Automatic,2,15874.0
Honda,Model_A,2015,5340,3.2,Hybrid,Manual,2,29360.0
Volkswagen,Model_A,2006,180021,2.2,Petrol,Automatic,3,10117.0
Mercedes,Model_B,2009,87302,2.5,Hybrid,Automatic,2,24279.0
Volkswagen,Model_A,2006,198515,2.3,Hybrid,Manual,1,13319.0
Toyota,Model_D,2014,227740,3.2,Petrol,Automatic,2,18230.0
Toyota,Model_A,2006,210099,3.6,Hybrid,Manual,2,12241.0
Ford,Model_B,2015,5138,2.6,Diesel,Automatic,3,24812.0
Volkswagen,Model_D,2022,136430,3.4,Hybrid,Manual,2,31987.0
Kia,Model_B,2019,124619,1.9,Diesel,Automatic,1,19934.0
Mercedes,Model_B,2013,211322,2.6,Hybrid,Automatic,3,13016.0
Toyota,Model_C,2013,90376,2.0,Petrol,Automatic,1,24179.0
Ford,Model_C,2007,104931,2.2,Petrol,Automatic,3,13493.0
Volkswagen,Model_B,2013,166726,3.2,Hybrid,Manual,3,21237.0
Mercedes,Model_B,2018,161951,3.6,Petrol,Manual,2,32303.0
Volkswagen,Model_B,2011,86532,1.4,Hybrid,Manual,1,18032.0
Honda,Model_C,2020,60778,2.9,Petrol,Manual,3,30029.0
Ford,Model_C,2020,42772,2.7,Diesel,Manual,2,26146.0
Mercedes,Model_A,2005,63478,1.4,Hybrid,Manual,3,11399.0
Nissan,Model_A,2008,200425,1.6,Diesel,Manual,3,6585.0
Hyundai,Model_B,2008,31762,1.9,Diesel,Automatic,3,13318.0
Hyundai,Model_D,2011,149355,1.5,Hybrid,Automatic,3,14150.0
Mercedes,Model_D,2012,199994,1.7,Diesel,Automatic,3,18512.0
Volkswagen,Model_C,2021,175492,1.8,Hybrid,Automatic,3,23515.0
Ford,Model_C,2009,60568,2.0,Diesel,Manual,2,11086.0
Hyundai,Model_C,2011,90090,3.2,Hybrid,Manual,3,18825.0
Ford,Model_B,2008,25219,2.7,Hybrid,Manual,1,17721.0
Hyundai,Model_D,2010,62169,4.0,Petrol,Automatic,2,19909.0
Honda,Model_A,2011,236527,2.2,Hybrid,Manual,1,15078.0
Volkswagen,Model_B,2022,79965,3.3,Hybrid,Automatic,3,34874.0
Honda,Model_A,2009,182912,3.6,Diesel,Manual,1,15250.0
Hyundai,Model_A,2007,180767,3.0,Hybrid,Manual,3,9440.0
Nissan,Model_B,2011,241281,2.2,Petrol,Manual,3,11206.0
Nissan,Model_A,2018,89754,3.3,Diesel,Manual,2,24274.0
Honda,Model_D,2011,82988,1.6,Diesel,Automatic,2,17895.0
Nissan,Model_A,2009,194414,2.0,Petrol,Automatic,3,13380.0
Hyundai,Model_D,2009,155023,2.6,Diesel,Manual,2,10740.0
Mercedes,Model_D,2006,137379,2.7,Diesel,Automatic,1,16744.0
Honda,Model_D,2010,85388,1.1,Diesel,Manual,2,17511.0
BMW,Model_C,2019,95768,3.8,Diesel,Manual,2,35071.0
Volkswagen,Model_A,2014,40428,3.1,Petrol,Manual,1,29309.0
Nissan,Model_B,2011,244779,2.5,Petrol,Manual,2,11736.0
Nissan,Model_B,2009,97021,3.8,Diesel,Automatic,3,19645.0
Toyota,Model_A,2005,123418,2.3,Diesel,Manual,1,13391.0
Kia,Model_C,2017,211846,3.9,Petrol,Manual,3,19715.0
Honda,Model_C,2022,175047,2.5,Petrol,Automatic,1,30912.0
Audi,Model_D,2017,137212,1.3,Petrol,Manual,3,24749.0
Nissan,Model_A,2022,160914,3.3,Diesel,Automatic,3,29409.0
Volkswagen,Model_A,2009,31421,3.0,Diesel,Manual,2,25180.0
BMW,Model_B,2017,6708,3.3,Hybrid,Manual,3,36513.0
Nissan,Model_A,2008,139702,3.9,Petrol,Manual,2,19835.0
BMW,Model_C,2021,155667,3.3,Diesel,Manual,1,33404.0
Hyundai,Model_A,2007,81021,2.8,Petrol,Manual,3,13534.0
Hyundai,Model_B,2021,164380,3.6,Diesel,Manual,3,25162.0
Kia,Model_D,2015,49789,3.0,Petrol,Automatic,1,21035.0
Mercedes,Model_B,2008,191762,2.2,Diesel,Manual,1,10333.0
Audi,Model_B,2006,31086,3.7,Hybrid,Automatic,3,22303.0
Toyota,Model_D,2020,21859,1.7,Hybrid,Automatic,1,29520.0
Kia,Model_B,2022,12684,3.1,Petrol,Manual,2,32402.0
Ford,Model_B,2012,96088,3.6,Diesel,Automatic,1,19718.0
Toyota,Model_A,2007,137279,3.2,Diesel,Manual,1,18200.0
Honda,Model_A,2013,51099,3.1,Petrol,Automatic,3,22785.0
Volkswagen,Model_D,2010,203568,3.3,Diesel,Manual,2,15439.0
Ford,Model_A,2014,71093,2.4,Petrol,Automatic,1,24137.0
Ford,Model_A,2014,165761,3.6,Diesel,Automatic,2,20586.0
Kia,Model_B,2017,53651,1.6,Petrol,Manual,2,21031.0
Mercedes,Model_C,2021,18893,1.4,Diesel,Automatic,2,35776.0
Kia,Model_A,2013,233880,1.9,Petrol,Manual,3,9913.0
Honda,Model_C,2021,71418,2.6,Diesel,Manual,1,29939.0
Nissan,Model_A,2013,130074,2.5,Hybrid,Manual,3,18385.0
Nissan,Model_A,2013,108065,3.5,Diesel,Manual,1,24054.0
Mercedes,Model_D,2005,135351,2.2,Petrol,Manual,1,10642.0
Honda,Model_D,2006,196083,2.5,Hybrid,Automatic,3,14453.0
Mercedes,Model_D,2020,43635,1.0,Diesel,Automatic,2,31444.0
BMW,Model_C,2005,192187,2.2,Hybrid,Automatic,2,8474.0
Nissan,Model_B,2014,100071,2.9,Diesel,Manual,1,18742.0
Ford,Model_A,2022,214477,1.0,Hybrid,Automatic,3,19851.0
Audi,Model_A,2012,208774,1.8,Petrol,Automatic,2,13564.0
Volkswagen,Model_A,2015,83518,1.6,Diesel,Automatic,2,21715.0
Honda,Model_C,2006,111233,1.1,Diesel,Automatic,1,10316.0
Toyota,Model_D,2012,108651,2.4,Petrol,Automatic,1,22294.0
Mercedes,Model_B,2012,77805,1.5,Hybrid,Manual,3,24584.0
Volkswagen,Model_C,2021,195026,3.2,Petrol,Manual,1,26983.0
Toyota,Model_D,2019,164136,3.5,Petrol,Automatic,2,26753.0
Volkswagen,Model_C,2021,127813,2.6,Hybrid,Manual,2,26385.0
Audi,Model_B,2017,84063,3.9,Petrol,Manual,2,29867.0
Toyota,Model_D,2009,7454,2.4,Diesel,Automatic,2,18964.0
Kia,Model_C,2016,25878,2.5,Diesel,Automatic,3,25840.0
Hyundai,Model_B,2005,187170,4.0,Diesel,Manual,3,13812.0
Kia,Model_A,2009,198226,1.7,Petrol,Automatic,1,10686.0
Nissan,Model_B,2012,149063,3.8,Diesel,Manual,1,16975.0
Hyundai,Model_A,2017,73344,1.1,Diesel,Manual,1,18121.0
Kia,Model_C,2012,109946,2.3,Diesel,Automatic,3,15161.0
Hyundai,Model_D,2015,41593,1.2,Diesel,Manual,2,18961.0
Hyundai,Model_D,2005,41304,3.2,Diesel,Manual,1,15245.0
Ford,Model_C,2017,166458,2.8,Diesel,Manual,2,19126.0
Mercedes,Model_D,2007,191292,3.1,Petrol,Automatic,1,16946.0
Mercedes,Model_D,2021,118613,2.1,Diesel,Automatic,1,32965.0
Ford,Model_A,2009,205410,2.1,Diesel,Automatic,1,9689.0
Volkswagen,Model_C,2012,230361,1.1,Hybrid,Automatic,1,12638.0
BMW,Model_B,2018,157155,2.0,Petrol,Manual,1,28065.0
Volkswagen,Model_A,2008,23354,3.8,Petrol,Automatic,2,27459.0
Toyota,Model_C,2015,27190,2.1,Petrol,Automatic,1,26457.0
Toyota,Model_A,2019,11142,3.5,Petrol,Automatic,2,34527.0
Hyundai,Model_B,2011,164470,3.5,Diesel,Automatic,3,16324.0
Kia,Model_B,2015,188043,2.1,Diesel,Manual,1,18105.0
Kia,Model_C,2009,46862,2.9,Hybrid,Manual,2,15927.0
Mercedes,Model_B,2009,234740,1.3,Hybrid,Manual,3,12528.0
Honda,Model_A,2012,189482,1.3,Petrol,Automatic,3,13149.0
Volkswagen,Model_B,2014,155575,1.1,Hybrid,Automatic,3,20282.0
Nissan,Model_A,2010,130438,2.7,Hybrid,Manual,2,17452.0
Audi,Model_A,2019,53456,2.3,Petrol,Automatic,1,32638.0
Kia,Model_B,2020,105167,2.6,Petrol,Automatic,1,23731.0
Audi,Model_C,2021,87035,2.6,Hybrid,Manual,2,35274.0
Hyundai,Model_D,2012,241460,2.1,Diesel,Manual,1,12647.0
Audi,Model_B,2012,13016,3.0,Hybrid,Automatic,2,28459.0
Nissan,Model_A,2013,7384,3.3,Hybrid,Automatic,1,25126.0
Ford,Model_A,2006,198392,1.0,Diesel,Automatic,3,8029.0
Nissan,Model_B,2019,151144,1.6,Diesel,Manual,1,17845.0
Audi,Model_C,2022,107239,3.1,Petrol,Manual,2,37284.0
Nissan,Model_C,2007,116431,2.2,Petrol,Manual,2,14098.0
BMW,Model_A,2021,85018,3.0,Hybrid,Manual,3,37892.0
Hyundai,Model_A,2008,45510,2.0,Diesel,Automatic,2,13850.0
Volkswagen,Model_C,2008,185005,2.2,Petrol,Manual,1,13101.0
Ford,Model_D,2018,26826,1.5,Hybrid,Manual,1,24613.0
Kia,Model_B,2013,73026,1.8,Diesel,Automatic,3,19369.0
Toyota,Model_A,2013,126668,2.8,Hybrid,Automatic,2,22103.0
Volkswagen,Model_A,2022,247700,2.3,Petrol,Automatic,3,21987.0
Toyota,Model_C,2014,161590,3.3,Petrol,Manual,1,22618.0
Hyundai,Model_B,2008,29045,3.6,Diesel,Automatic,3,23483.0
Ford,Model_C,2016,186948,2.6,Hybrid,Automatic,2,20244.0
Mercedes,Model_B,2012,228518,3.3,Diesel,Manual,3,23913.0
Kia,Model_B,2006,95102,1.9,Petrol,Manual,2,13737.0
BMW,Model_B,2017,56919,2.2,Petrol,Automatic,2,32873.0
Mercedes,Model_A,2020,104441,3.1,Hybrid,Manual,1,35835.0
Hyundai,Model_D,2006,163175,2.2,Hybrid,Automatic,1,10919.0
Volkswagen,Model_C,2015,172260,2.8,Hybrid,Automatic,1,22742.0
BMW,Model_D,2014,141917,1.6,Diesel,Manual,2,21037.0
Nissan,Model_C,2019,222770,2.8,Hybrid,Automatic,3,22184.0
Audi,Model_B,2021,172746,3.6,Hybrid,Manual,2,32066.0
BMW,Model_A,2012,123325,3.6,Petrol,Manual,1,29531.0
Hyundai,Model_D,2022,24337,3.2,Petrol,Manual,1,28228.0
Honda,Model_A,2013,158385,3.2,Hybrid,Automatic,3,22586.0
Audi,Model_C,2012,163015,2.7,Hybrid,Manual,1,23913.0
Toyota,Model_A,2018,82949,2.8,Petrol,Manual,1,27453.0
Kia,Model_A,2022,5276,1.4,Hybrid,Automatic,1,24494.0
Toyota,Model_D,2016,56151,2.3,Diesel,Automatic,3,28040.0
BMW,Model_B,2018,153683,2.4,Diesel,Automatic,2,27590.0
Toyota,Model_A,2021,240713,3.9,Diesel,Automatic,1,28529.0
Hyundai,Model_B,2007,148016,2.3,Hybrid,Manual,3,11238.0
Nissan,Model_C,2011,57887,2.6,Petrol,Manual,1,23114.0
Volkswagen,Model_A,2021,86442,2.6,Hybrid,Manual,3,27163.0
Kia,Model_D,2016,54847,2.9,Hybrid,Automatic,1,24203.0
Toyota,Model_C,2013,63653,3.2,Petrol,Automatic,3,27625.0
Toyota,Model_C,2019,222144,1.7,Petrol,Manual,1,20228.0
BMW,Model_D,2022,61622,2.6,Petrol,Automatic,2,37127.0
Volkswagen,Model_A,2017,32810,3.5,Diesel,Automatic,1,31403.0
Mercedes,Model_A,2012,82842,2.4,Hybrid,Manual,3,25149.0
Toyota,Model_C,2018,127225,1.8,Petrol,Manual,1,19978.0
Hyundai,Model_A,2012,15503,3.0,Hybrid,Automatic,2,20415.0
Honda,Model_B,2018,89761,3.5,Diesel,Automatic,1,27784.0
Kia,Model_D,2011,173048,1.2,Diesel,Automatic,3,12659.0
Toyota,Model_B,2016,131439,3.3,Petrol,Manual,3,24049.0
Hyundai,Model_A,2015,16590,3.5,Petrol,Manual,2,24283.0
Hyundai,Model_C,2015,146958,2.4,Hybrid,Manual,3,17444.0
Kia,Model_D,2017,148938,3.9,Petrol,Manual,1,21626.0
Mercedes,Model_A,2022,71624,3.4,Hybrid,Manual,1,40582.0
Hyundai,Model_A,2006,204971,3.3,Petrol,Automatic,1,11601.0
Honda,Model_C,2019,168864,3.2,Hybrid,Automatic,3,27843.0
Hyundai,Model_C,2022,145836,1.5,Hybrid,Automatic,1,23190.0
Hyundai,Model_B,2019,125356,1.7,Hybrid,Manual,1,21748.0
Hyundai,Model_D,2016,222228,2.4,Hybrid,Manual,1,15642.0
Nissan,Model_D,2017,47727,1.8,Diesel,Manual,2,22480.0
Nissan,Model_C,2015,83471,2.2,Hybrid,Automatic,3,19406.0
Mercedes,Model_B,2009,13068,3.7,Petrol,Manual,3,27506.0
Toyota,Model_D,2005,121923,3.5,Diesel,Manual,3,16110.0
Hyundai,Model_C,2007,143367,2.9,Diesel,Automatic,2,11535.0
Volkswagen,Model_A,2011,177232,3.6,Hybrid,Manual,3,23188.0
Toyota,Model_D,2016,16390,3.4,Diesel,Automatic,2,30212.0
Mercedes,Model_B,2019,111752,2.3,Hybrid,Manual,2,34228.0
Ford,Model_B,2009,156203,1.6,Petrol,Manual,3,12973.0
Toyota,Model_B,2019,99754,2.5,Hybrid,Automatic,1,25703.0
Toyota,Model_A,2012,80969,3.2,Diesel,Automatic,1,23145.0
Audi,Model_D,2014,151110,2.3,Petrol,Automatic,3,19340.0
BMW,Model_D,2020,188399,3.0,Hybrid,Automatic,3,29858.0
Audi,Model_A,2012,229790,1.3,Petrol,Automatic,2,12379.0
Honda,Model_D,2005,82064,3.2,Petrol,Automatic,3,14381.0
Nissan,Model_A,2016,26281,3.4,Diesel,Manual,2,30071.0
Nissan,Model_A,2009,59189,3.1,Petrol,Manual,3,21139.0
BMW,Model_A,2007,53511,3.9,Diesel,Automatic,1,26618.0
Kia,Model_B,2005,127115,3.5,Petrol,Manual,1,14853.0
Kia,Model_D,2008,13605,3.7,Hybrid,Automatic,3,17785.0
Mercedes,Model_A,2012,105318,3.8,Petrol,Manual,2,27558.0
BMW,Model_D,2007,137453,3.4,Hybrid,Automatic,1,18403.0
Toyota,Model_B,2014,202706,3.0,Hybrid,Manual,2,16102.0
Kia,Model_A,2006,24810,1.0,Petrol,Manual,3,11043.0
Hyundai,Model_C,2015,160394,2.4,Hybrid,Manual,3,16624.0
Volkswagen,Model_B,2014,46869,2.7,Petrol,Manual,1,26735.0
Toyota,Model_C,2018,37955,1.9,Petrol,Manual,3,32398.0
Honda,Model_D,2011,66388,2.0,Hybrid,Automatic,1,19745.0
Hyundai,Model_D,2006,246324,3.9,Hybrid,Automatic,2,10960.0
Hyundai,Model_B,2013,15207,3.7,Diesel,Automatic,1,23747.0
BMW,Model_D,2020,223401,3.5,Hybrid,Manual,1,30772.0
Mercedes,Model_C,2017,203700,2.2,Diesel,Automatic,2,21917.0
Honda,Model_A,2013,164292,1.0,Hybrid,Manual,1,18732.0
Kia,Model_A,2008,220122,1.2,Petrol,Manual,1,6947.0
BMW,Model_A,2014,239618,1.9,Hybrid,Manual,3,16448.0
Kia,Model_B,2016,210157,1.0,Petrol,Automatic,2,15524.0
BMW,Model_D,2021,27031,1.1,Petrol,Manual,1,30821.0
BMW,Model_C,2018,206793,3.7,Petrol,Automatic,2,29972.0
BMW,Model_D,2018,85807,3.1,Diesel,Automatic,2,35352.0
Mercedes,Model_D,2006,76312,1.9,Hybrid,Manual,1,16639.0
BMW,Model_D,2015,64766,1.4,Petrol,Manual,3,29317.0
Ford,Model_A,2020,148521,2.5,Petrol,Automatic,2,24952.0
Volkswagen,Model_C,2010,94833,1.0,Diesel,Automatic,1,17051.0
Kia,Model_C,2009,192771,3.8,Hybrid,Automatic,2,17572.0
Toyota,Model_D,2008,242199,2.2,Hybrid,Automatic,3,13354.0
Audi,Model_A,2019,217325,2.2,Diesel,Automatic,3,25132.0
Honda,Model_A,2008,241731,2.2,Diesel,Automatic,3,11706.0
Nissan,Model_C,2014,240841,1.2,Hybrid,Manual,1,14731.0
Mercedes,Model_A,2007,116041,2.9,Diesel,Automatic,1,17062.0
Toyota,Model_A,2009,121185,3.2,Hybrid,Automatic,3,15286.0
Hyundai,Model_A,2010,182164,3.0,Hybrid,Automatic,1,14117.0
Ford,Model_B,2012,199743,1.4,Petrol,Automatic,3,8758.0
Nissan,Model_D,2011,15350,2.7,Petrol,Manual,1,20876.0
Audi,Model_C,2014,232230,2.7,Hybrid,Manual,3,20622.0
Toyota,Model_C,2010,105859,3.6,Hybrid,Automatic,2,20833.0
Nissan,Model_B,2018,73487,2.1,Hybrid,Automatic,3,23572.0
Toyota,Model_D,2008,153694,2.1,Hybrid,Automatic,3,11544.0
Ford,Model_C,2017,128853,2.9,Hybrid,Manual,1,24372.0
Audi,Model_A,2021,206335,2.9,Hybrid,Manual,1,27269.0
Hyundai,Model_C,2011,58117,2.4,Diesel,Manual,1,13952.0
BMW,Model_A,2008,240062,2.3,Hybrid,Manual,1,11522.0
Kia,Model_B,2018,194466,2.5,Diesel,Manual,1,20974.0
Hyundai,Model_A,2007,238077,3.6,Diesel,Manual,1,11299.0
BMW,Model_C,2009,106084,2.4,Hybrid,Automatic,2,17418.0
Mercedes,Model_C,2020,28782,3.8,Hybrid,Manual,3,41390.0
Volkswagen,Model_C,2008,33454,2.5,Diesel,Manual,3,21460.0
Honda,Model_B,2006,72904,3.8,Diesel,Automatic,3,19694.0
Honda,Model_B,2022,134936,3.5,Hybrid,Manual,2,30711.0
Kia,Model_D,2021,151664,2.1,Hybrid,Automatic,3,23187.0
Audi,Model_C,2018,158245,3.6,Diesel,Manual,2,27087.0
Ford,Model_A,2017,169276,1.3,Diesel,Automatic,2,15672.0
Audi,Model_B,2016,171668,3.8,Diesel,Automatic,2,25750.0
Ford,Model_C,2010,170396,2.9,Petrol,Automatic,3,17929.0
Audi,Model_C,2008,127258,1.2,Diesel,Automatic,2,15476.0
Volkswagen,Model_B,2020,116668,2.9,Petrol,Automatic,3,30272.0
Mercedes,Model_D,2017,197274,3.9,Hybrid,Manual,3,26798.0
Mercedes,Model_B,2008,225472,1.2,Hybrid,Manual,1,11215.0
BMW,Model_B,2021,129184,2.7,Diesel,Automatic,1,35272.0
Nissan,Model_A,2005,249437,3.2,Hybrid,Automatic,2,9809.0
Mercedes,Model_A,2022,166822,3.4,Hybrid,Automatic,2,35214.0
Mercedes,Model_D,2021,212184,2.2,Hybrid,Manual,3,29404.0
Hyundai,Model_C,2019,21566,1.6,Hybrid,Automatic,2,24699.0
Hyundai,Model_B,2015,143262,1.1,Petrol,Automatic,2,17260.0
BMW,Model_D,2017,224679,2.7,Petrol,Automatic,3,25403.0
Nissan,Model_A,2005,43333,2.4,Diesel,Automatic,2,14156.0
Kia,Model_B,2021,126929,3.8,Diesel,Manual,2,25609.0
Hyundai,Model_C,2010,216977,1.2,Diesel,Automatic,3,8129.0
Kia,Model_A,2008,94571,3.1,Hybrid,Automatic,3,17062.0
Toyota,Model_A,2020,125263,1.1,Hybrid,Manual,1,22778.0
Hyundai,Model_A,2019,137661,1.5,Petrol,Automatic,3,18248.0
Volkswagen,Model_D,2019,30235,2.4,Petrol,Automatic,1,31338.0
Nissan,Model_C,2010,5159,2.4,Diesel,Manual,2,22539.0
BMW,Model_B,2019,148217,3.1,Petrol,Manual,3,30896.0
Toyota,Model_D,2018,216981,3.7,Petrol,Manual,3,23987.0
Nissan,Model_D,2015,167993,2.9,Petrol,Automatic,3,20240.0
Volkswagen,Model_D,2011,109859,3.9,Petrol,Automatic,2,24209.0
Nissan,Model_A,2013,152309,3.6,Petrol,Manual,1,16280.0
Volkswagen,Model_C,2020,112507,2.8,Diesel,Manual,2,31203.0
Volkswagen,Model_D,2009,144316,3.5,Diesel,Manual,2,20260.0
Kia,Model_B,2014,19743,2.9,Petrol,Automatic,3,23127.0
Audi,Model_C,2022,233174,1.2,Diesel,Automatic,1,26212.0
Toyota,Model_B,2007,51101,3.2,Hybrid,Manual,2,22225.0
Nissan,Model_C,2017,247717,1.3,Petrol,Automatic,3,16077.0
Ford,Model_B,2015,126534,2.8,Hybrid,Manual,2,19236.0
Toyota,Model_A,2021,89227,3.1,Diesel,Automatic,2,29534.0
Audi,Model_D,2017,235604,1.2,Diesel,Automatic,3,20806.0
Toyota,Model_B,2010,192450,1.7,Hybrid,Automatic,3,9005.0
Mercedes,Model_C,2021,76126,3.7,Diesel,Automatic,1,39334.0
Ford,Model_D,2017,61071,2.8,Petrol,Manual,2,26014.0
Audi,Model_D,2014,207193,1.7,Hybrid,Automatic,3,14694.0
Kia,Model_C,2007,79763,3.1,Petrol,Automatic,3,16182.0
Nissan,Model_B,2018,229886,2.8,Hybrid,Manual,1,21483.0
Honda,Model_A,2009,240422,2.5,Diesel,Automatic,1,8929.0
Audi,Model_A,2009,148309,3.9,Hybrid,Manual,3,25538.0
BMW,Model_B,2021,151721,3.1,Hybrid,Manual,1,30598.0
Nissan,Model_D,2014,173785,2.1,Petrol,Automatic,3,17773.0
Audi,Model_D,2009,209535,3.4,Diesel,Automatic,2,17615.0
Mercedes,Model_D,2008,181481,3.7,Petrol,Manual,1,19877.0
Honda,Model_D,2010,184838,1.4,Diesel,Manual,2,9725.0
Mercedes,Model_B,2008,51154,1.6,Petrol,Manual,2,22213.0
Honda,Model_D,2011,12016,1.6,Hybrid,Automatic,2,21672.0
BMW,Model_C,2011,215635,3.1,Petrol,Manual,3,21991.0
Nissan,Model_D,2022,184760,2.8,Diesel,Manual,2,22194.0
Kia,Model_A,2007,94678,2.9,Diesel,Manual,2,14364.0
Mercedes,Model_D,2005,117056,3.8,Hybrid,Automatic,2,20316.0
Mercedes,Model_B,2008,59238,3.3,Diesel,Manual,3,24721.0
Volkswagen,Model_A,2010,63608,1.4,Petrol,Automatic,2,19545.0
Honda,Model_B,2013,94081,2.0,Hybrid,Automatic,2,20126.0
Hyundai,Model_B,2018,167969,2.3,Diesel,Manual,1,23892.0
Nissan,Model_A,2016,55961,2.2,Diesel,Automatic,3,23128.0
Honda,Model_B,2008,204775,3.0,Petrol,Manual,2,7996.0
Volkswagen,Model_B,2016,180829,3.7,Petrol,Automatic,1,25487.0
Toyota,Model_D,2014,31917,1.9,Hybrid,Automatic,3,26330.0
Honda,Model_C,2011,158808,2.7,Diesel,Manual,3,15896.0
Kia,Model_B,2007,32990,3.4,Petrol,Manual,3,16099.0
Nissan,Model_B,2018,67551,2.2,Hybrid,Manual,3,22637.0
Volkswagen,Model_B,2014,194233,1.5,Diesel,Automatic,3,14546.0
Toyota,Model_D,2020,215695,2.4,Diesel,Automatic,3,22112.0
Ford,Model_C,2020,158512,1.2,Hybrid,Manual,2,22015.0
Volkswagen,Model_A,2014,171277,3.8,Hybrid,Manual,2,27086.0
Ford,Model_D,2017,85811,1.2,Petrol,Automatic,2,15546.0
Nissan,Model_D,2010,60103,2.3,Diesel,Automatic,2,17242.0
Mercedes,Model_C,2016,206884,2.6,Diesel,Automatic,1,24636.0
Volkswagen,Model_C,2013,177699,4.0,Diesel,Manual,2,23717.0
BMW,Model_D,2017,111122,1.5,Hybrid,Automatic,3,29246.0
Ford,Model_A,2008,239104,1.3,Petrol,Manual,2,3090.0
Kia,Model_D,2015,24008,1.0,Diesel,Automatic,2,14298.0
BMW,Model_C,2022,207346,1.5,Hybrid,Automatic,3,30352.0
Audi,Model_A,2015,37402,1.6,Diesel,Manual,2,28632.0
Audi,Model_C,2008,189456,2.9,Petrol,Manual,2,15023.0
Toyota,Model_A,2022,141865,1.7,Diesel,Manual,2,26567.0
Mercedes,Model_B,2005,238899,1.1,Petrol,Automatic,1,5854.0
Nissan,Model_C,2011,141643,3.5,Petrol,Automatic,2,17414.0
Volkswagen,Model_C,2010,232939,2.1,Diesel,Automatic,3,12969.0
Hyundai,Model_D,2019,152281,2.1,Diesel,Manual,3,21283.0
Kia,Model_C,2022,118550,1.9,Petrol,Automatic,2,27798.0
Ford,Model_C,2015,227002,3.9,Hybrid,Manual,2,21658.0
Nissan,Model_B,2019,179220,1.5,Petrol,Manual,2,22746.0
BMW,Model_C,2020,96218,3.7,Diesel,Manual,3,33314.0
Audi,Model_B,2011,138296,3.3,Diesel,Automatic,3,22367.0
Kia,Model_B,2014,242765,1.2,Hybrid,Automatic,1,11725.0
Hyundai,Model_B,2016,184767,4.0,Petrol,Manual,1,17406.0
Volkswagen,Model_B,2018,125779,1.8,Petrol,Automatic,1,26859.0
Toyota,Model_A,2009,134714,1.3,Petrol,Manual,3,14474.0
Hyundai,Model_D,2022,246060,3.5,Diesel,Manual,1,22043.0
Kia,Model_A,2009,245016,3.1,Petrol,Automatic,2,11018.0
Hyundai,Model_C,2007,37441,2.9,Hybrid,Manual,2,19295.0
Kia,Model_A,2009,243038,1.5,Diesel,Manual,3,6265.0
Kia,Model_A,2021,175201,2.4,Diesel,Automatic,1,24631.0
Honda,Model_C,2016,236324,3.3,Petrol,Manual,2,20283.0
Ford,Model_C,2013,67368,1.9,Hybrid,Manual,3,20850.0
Audi,Model_C,2005,246467,1.9,Diesel,Manual,1,7363.0
Honda,Model_A,2022,97122,1.0,Diesel,Manual,2,30732.0
Volkswagen,Model_A,2008,49760,1.5,Petrol,Manual,1,15341.0
Honda,Model_C,2014,28478,3.6,Petrol,Manual,3,27267.0
Mercedes,Model_D,2011,132881,2.3,Hybrid,Manual,1,18156.0
Mercedes,Model_D,2005,76854,4.0,Petrol,Automatic,3,20339.0
Audi,Model_B,2021,99230,2.2,Hybrid,Automatic,1,33863.0
Hyundai,Model_C,2006,90716,3.1,Diesel,Manual,2,17710.0
Ford,Model_B,2015,148252,1.8,Hybrid,Manual,3,19389.0
Audi,Model_D,2013,103538,2.1,Hybrid,Automatic,3,23279.0
Kia,Model_B,2011,20372,1.6,Hybrid,Automatic,3,15929.0
BMW,Model_C,2021,34796,2.0,Diesel,Automatic,1,36727.0
Ford,Model_C,2021,194344,2.6,Petrol,Automatic,1,21118.0
Ford,Model_C,2006,226035,4.0,Diesel,Automatic,2,9613.0
Kia,Model_A,2010,103826,3.0,Petrol,Manual,3,16435.0
Kia,Model_B,2018,125592,1.6,Hybrid,Automatic,3,15531.0
Toyota,Model_D,2010,98635,1.1,Hybrid,Automatic,1,12362.0
Audi,Model_D,2006,116022,1.4,Hybrid,Automatic,1,16803.0
Kia,Model_D,2005,59040,2.7,Hybrid,Manual,2,10806.0
Mercedes,Model_A,2014,80357,3.3,Hybrid,Manual,2,27918.0
Volkswagen,Model_A,2009,207440,3.8,Petrol,Manual,1,17636.0
BMW,Model_C,2006,83356,1.0,Petrol,Manual,3,13647.0
Audi,Model_D,2020,21211,2.6,Hybrid,Manual,2,35833.0
Nissan,Model_A,2006,110426,2.4,Diesel,Manual,1,8897.0
Mercedes,Model_C,2014,10842,3.0,Diesel,Automatic,1,34530.0
Hyundai,Model_D,2006,199187,2.7,Hybrid,Manual,3,8818.0
Kia,Model_B,2020,71852,3.1,Petrol,Manual,1,28969.0
Nissan,Model_C,2020,130737,3.0,Diesel,Automatic,1,24237.0
Kia,Model_A,2011,50968,1.4,Diesel,Manual,2,18130.0
Ford,Model_A,2016,22508,3.4,Diesel,Automatic,1,29762.0
Mercedes,Model_C,2019,158077,1.4,Hybrid,Automatic,1,25162.0
Ford,Model_C,2012,59575,3.1,Diesel,Manual,2,23390.0
Toyota,Model_A,2010,216814,2.2,Diesel,Automatic,3,10392.0
Ford,Model_B,2014,155043,2.5,Diesel,Automatic,3,18813.0
Toyota,Model_D,2007,161671,3.7,Diesel,Automatic,2,18912.0
Toyota,Model_B,2021,223664,3.7,Petrol,Automatic,2,28131.0
Nissan,Model_C,2011,71914,3.5,Hybrid,Manual,3,26067.0
Kia,Model_B,2008,72055,2.5,Hybrid,Automatic,3,16600.0
Hyundai,Model_A,2018,92697,3.2,Petrol,Manual,3,23652.0
Ford,Model_C,2019,111239,2.5,Petrol,Automatic,3,29907.0
Mercedes,Model_D,2012,240469,3.6,Hybrid,Automatic,3,24244.0
Toyota,Model_A,2019,128106,2.2,Diesel,Automatic,2,22074.0
Kia,Model_A,2018,10355,3.9,Diesel,Manual,1,27354.0
BMW,Model_D,2013,59120,3.8,Hybrid,Manual,3,28446.0
Audi,Model_D,2012,210691,3.2,Diesel,Manual,3,21658.0
Nissan,Model_B,2021,43342,1.8,Petrol,Automatic,1,27995.0
Hyundai,Model_C,2006,222064,1.4,Diesel,Automatic,1,7083.0
Honda,Model_D,2007,214932,3.6,Diesel,Automatic,1,10708.0
Nissan,Model_D,2012,7257,1.5,Diesel,Automatic,1,18541.0
BMW,Model_C,2016,32364,3.6,Hybrid,Manual,1,34148.0
Audi,Model_D,2005,161044,2.5,Petrol,Automatic,1,9446.0
BMW,Model_D,2014,116715,2.2,Diesel,Manual,2,22294.0
Ford,Model_B,2007,31654,3.7,Hybrid,Automatic,1,22553.0
Toyota,Model_A,2010,216841,2.8,Diesel,Manual,1,11515.0
Hyundai,Model_A,2011,86423,2.7,Petrol,Manual,2,20724.0
Volkswagen,Model_A,2022,34320,2.7,Diesel,Automatic,1,37137.0
Toyota,Model_A,2015,25808,2.1,Petrol,Automatic,3,24952.0
Volkswagen,Model_D,2009,57389,3.4,Diesel,Manual,3,21697.0
Audi,Model_C,2015,231762,1.8,Petrol,Automatic,1,20059.0
Kia,Model_C,2016,123581,3.8,Diesel,Automatic,2,21426.0
Honda,Model_B,2014,132927,3.7,Petrol,Manual,3,22814.0
Mercedes,Model_B,2012,39773,2.0,Diesel,Manual,2,25964.0
Toyota,Model_D,2013,187240,3.2,Diesel,Manual,3,15490.0
Hyundai,Model_C,2008,163819,2.7,Hybrid,Manual,1,9698.0
BMW,Model_C,2009,81396,2.0,Hybrid,Automatic,2,19102.0
Hyundai,Model_A,2012,244446,4.0,Petrol,Manual,2,16811.0
Audi,Model_D,2013,112692,1.1,Diesel,Manual,2,18248.0
Volkswagen,Model_D,2019,219764,1.8,Petrol,Manual,3,20955.0
BMW,Model_A,2019,62505,2.6,Hybrid,Automatic,3,30013.0
Mercedes,Model_D,2020,90896,2.6,Petrol,Manual,3,36195.0
Mercedes,Model_D,2018,23135,2.8,Petrol,Automatic,1,36533.0
Toyota,Model_B,2012,95887,3.3,Hybrid,Manual,3,23522.0
Audi,Model_C,2022,127118,2.9,Diesel,Manual,1,35255.0
Kia,Model_D,2014,232107,2.8,Petrol,Automatic,2,15380.0
Audi,Model_B,2010,52377,1.2,Hybrid,Manual,2,18838.0
Volkswagen,Model_C,2016,159626,2.1,Diesel,Manual,1,24111.0
Hyundai,Model_A,2006,67491,1.7,Hybrid,Automatic,3,12509.0
Mercedes,Model_B,2011,191693,1.8,Petrol,Manual,1,16334.0
Hyundai,Model_B,2020,63283,2.7,Diesel,Manual,2,25920.0
Hyundai,Model_C,2007,221212,1.6,Diesel,Manual,2,7186.0
Hyundai,Model_A,2017,21923,1.9,Hybrid,Manual,1,22844.0
Mercedes,Model_B,2007,52591,1.7,Hybrid,Automatic,3,19700.0
Nissan,Model_D,2022,67261,3.8,Hybrid,Manual,3,29677.0
Ford,Model_D,2015,59336,3.8,Diesel,Automatic,1,24140.0
Volkswagen,Model_D,2012,79083,2.8,Diesel,Manual,1,24479.0
Nissan,Model_A,2010,65948,3.8,Petrol,Automatic,3,21048.0
Volkswagen,Model_B,2005,245891,3.4,Diesel,Manual,2,12684.0
BMW,Model_D,2005,169074,2.8,Petrol,Automatic,1,14422.0
Audi,Model_A,2012,216170,1.0,Hybrid,Manual,3,12399.0
Audi,Model_D,2009,209088,3.3,Hybrid,Automatic,3,18654.0
Honda,Model_C,2020,31672,3.1,Diesel,Automatic,2,35032.0
Audi,Model_B,2015,9213,2.8,Hybrid,Manual,2,32972.0
Mercedes,Model_B,2009,146365,3.3,Hybrid,Automatic,2,22700.0
Kia,Model_A,2008,236049,2.5,Diesel,Manual,2,9204.0
Toyota,Model_A,2010,191932,3.1,Petrol,Manual,2,18442.0
Honda,Model_B,2018,67507,3.8,Diesel,Manual,1,29918.0
Toyota,Model_D,2013,62134,2.1,Petrol,Manual,3,22795.0
Volkswagen,Model_D,2016,138172,3.1,Diesel,Manual,1,30684.0
Toyota,Model_C,2015,246225,2.4,Diesel,Automatic,1,18141.0
Toyota,Model_D,2018,198069,3.0,Hybrid,Manual,1,22655.0
Honda,Model_A,2020,33172,3.3,Diesel,Manual,1,32253.0
BMW,Model_A,2005,25132,1.1,Diesel,Manual,1,15271.0
Hyundai,Model_D,2017,23199,2.9,Petrol,Manual,2,27102.0
Audi,Model_A,2017,41609,1.7,Hybrid,Manual,2,29674.0
Audi,Model_B,2006,179037,3.0,Petrol,Manual,3,13509.0
Mercedes,Model_B,2008,144088,2.4,Petrol,Automatic,1,16245.0
Honda,Model_D,2010,175851,3.3,Hybrid,Automatic,3,17961.0
Mercedes,Model_B,2009,238869,1.4,Hybrid,Manual,2,10891.0
Kia,Model_B,2007,36881,2.9,Hybrid,Automatic,2,17717.0
Kia,Model_C,2005,218666,1.8,Diesel,Manual,2,8003.0
Mercedes,Model_C,2008,29472,3.6,Hybrid,Manual,1,32481.0
Honda,Model_B,2006,242954,3.8,Hybrid,Manual,1,9447.0
Mercedes,Model_D,2009,236534,4.0,Hybrid,Manual,2,20422.0
Audi,Model_C,2007,187885,3.4,Petrol,Manual,3,16858.0
Nissan,Model_A,2013,236440,3.3,Petrol,Automatic,3,12549.0
Ford,Model_A,2010,172093,1.6,Diesel,Automatic,2,14580.0
Toyota,Model_A,2022,59131,2.0,Petrol,Automatic,3,31329.0
Ford,Model_D,2010,160159,2.4,Diesel,Automatic,2,16034.0
Honda,Model_B,2016,17828,3.3,Petrol,Manual,3,26565.0
Ford,Model_A,2015,197682,3.7,Hybrid,Automatic,2,19930.0
Kia,Model_D,2006,101664,1.6,Petrol,Manual,3,8582.0
Volkswagen,Model_C,2019,137473,3.8,Diesel,Automatic,1,34797.0
Toyota,Model_B,2016,221251,3.1,Petrol,Automatic,2,23184.0
Hyundai,Model_C,2016,20193,2.8,Hybrid,Automatic,2,23111.0
Honda,Model_D,2013,228461,1.6,Diesel,Automatic,3,10746.0
Toyota,Model_A,2006,180936,1.2,Hybrid,Manual,2,8539.0
Ford,Model_A,2007,156379,2.7,Hybrid,Automatic,2,14910.0
Kia,Model_D,2016,107518,3.0,Diesel,Automatic,2,18309.0
BMW,Model_A,2020,24611,1.6,Hybrid,Manual,1,31275.0
Nissan,Model_B,2005,179863,2.7,Hybrid,Manual,1,7912.0
Hyundai,Model_D,2007,148022,3.6,Petrol,Automatic,3,16115.0
Nissan,Model_C,2006,81240,3.5,Hybrid,Manual,1,15886.0
Toyota,Model_D,2013,244719,3.8,Hybrid,Manual,3,18256.0
Kia,Model_B,2019,213475,2.1,Hybrid,Manual,1,18719.0
Kia,Model_B,2022,7745,2.0,Hybrid,Automatic,3,26225.0
Ford,Model_D,2015,60243,3.2,Diesel,Manual,1,21518.0
Audi,Model_D,2020,8866,2.3,Petrol,Automatic,1,38734.0
Ford,Model_A,2021,168317,1.3,Hybrid,Automatic,3,23841.0
Audi,Model_B,2009,180796,1.8,Hybrid,Automatic,2,14721.0
Audi,Model_D,2016,133681,2.3,Diesel,Automatic,2,26188.0
Hyundai,Model_D,2015,76354,1.9,Hybrid,Manual,1,22138.0
Ford,Model_B,2019,56374,2.0,Diesel,Automatic,3,25436.0
BMW,Model_D,2007,119397,1.9,Petrol,Manual,2,14611.0
Mercedes,Model_A,2005,129577,1.1,Petrol,Automatic,3,10912.0
Mercedes,Model_B,2020,166188,2.9,Hybrid,Manual,2,34289.0
Ford,Model_A,2006,86029,2.8,Hybrid,Automatic,3,14888.0
Ford,Model_A,2006,98574,3.0,Hybrid,Manual,1,13440.0
Nissan,Model_A,2007,156519,1.6,Diesel,Automatic,3,10401.0
Hyundai,Model_A,2012,35431,1.9,Hybrid,Automatic,2,19972.0
Ford,Model_B,2019,153980,2.9,Hybrid,Manual,1,24624.0
Nissan,Model_A,2011,34336,2.8,Petrol,Automatic,3,22126.0
Audi,Model_A,2010,45992,2.5,Hybrid,Automatic,2,22359.0
Kia,Model_D,2013,60350,2.1,Petrol,Automatic,1,20563.0
Kia,Model_B,2005,74561,3.7,Hybrid,Manual,3,15688.0
Audi,Model_B,2012,56955,2.0,Petrol,Automatic,2,22723.0
Honda,Model_C,2007,66240,2.4,Hybrid,Automatic,3,18587.0
Nissan,Model_B,2008,156165,3.0,Petrol,Manual,3,13393.0
Nissan,Model_B,2019,142227,2.6,Diesel,Manual,1,20137.0
Audi,Model_C,2010,51607,2.0,Petrol,Manual,1,20242.0
BMW,Model_B,2019,169559,2.3,Petrol,Manual,2,26838.0
Volkswagen,Model_B,2007,249266,3.4,Petrol,Manual,1,13729.0
